"Date","Variation","Valeur","Volume Devise Total","Cours Ajuste","Volume Ajuste Total","Cours Normal","Volume Normal Total"
"2026-09-09","3.01","353753360","353753360","21900","16779","21900","16779"
"2026-09-08","-2.48","42698245","42698245","21260","1938","21260","1938"
"2026-09-07","3.76","60556930","60556930","21800","2842","21800","2842"
"2026-09-04","-0.69","106818475","106818475","21010","5070","21010","5070"
"2026-09-03","0.69","24868405","24868405","21155","1177","21155","1177"
"2026-09-02","-2.28","62641570","62641570","21010","2923","21010","2923"
"2026-09-01","2.36","126042820","126042820","21500","5847","21500","5847"
"2026-08-31","-1.85","59130540","59130540","21005","2792","21005","2792"
"2026-08-28","0.94","23223710","23223710","21400","1092","21400","1092"
"2026-08-27","1.95","114169970","114169970","21200","5436","21200","5436"
"2026-08-26","-1.91","40066970","40066970","20795","1907","20795","1907"
"2026-08-24","0.88","174452115","174452115","21200","8271","21200","8271"
"2026-08-21","4.01","31918380","31918380","21015","1539","21015","1539"
"2026-08-20","3.56","61879275","61879275","20205","3097","20205","3097"
"2026-08-19","2.68","90449715","90449715","19510","4709","19510","4709"
"2026-08-18","2.43","34757745","34757745","19000","1836","19000","1836"
"2026-08-17","3.06","71420790","71420790","18550","3927","18550","3927"
"2026-08-14","0","4697930","4697930","18000","261","18000","261"
"2026-08-13","4.32","15711900","15711900","18000","892","18000","892"
"2026-08-12","1.2","33873520","33873520","17255","1973","17255","1973"
"2026-08-11","0.29","30395895","30395895","17050","1784","17050","1784"
"2026-08-10","-1.02","28053275","28053275","17000","1635","17000","1635"
"2026-08-06","0","13195590","13195590","17175","773","17175","773"
"2026-08-05","1.03","22290920","22290920","17175","1307","17175","1307"
"2026-08-04","0","26599360","26599360","17000","1581","17000","1581"
"2026-08-03","0.03","19977320","19977320","17000","1175","17000","1175"
"2026-07-31","1.4","30126445","30126445","16995","1793","16995","1793"
"2026-07-30","0.06","15571660","15571660","16760","926","16760","926"
"2026-07-29","0.15","24822380","24822380","16750","1482","16750","1482"
"2026-07-28","0","26944970","26944970","16725","1615","16725","1615"
"2026-07-27","0","10285750","10285750","16725","616","16725","616"
"2026-07-24","2.61","11715760","11715760","16725","707","16725","707"
"2026-07-23","1.84","23386075","23386075","16300","1449","16300","1449"
"2026-07-22","0.03","23448265","23448265","16005","1456","16005","1456"
"2026-07-21","-0.93","38541530","38541530","16000","2423","16000","2423"
"2026-07-20","-0.06","6831520","6831520","16150","423","16150","423"
"2026-07-17","-0.03","17769300","17769300","16160","1103","16160","1103"
"2026-07-16","2.31","24233150","24233150","16165","1506","16165","1506"
"2026-07-15","-2.23","23480910","23480910","15800","1465","15800","1465"
"2026-07-14","1","787255145","787255145","16160","51700","16160","51700"
"2026-07-13","-3","14336165","14336165","16000","887","16000","887"
"2026-07-10","3.09","39066830","39066830","16495","2446","16495","2446"
"2026-07-09","-2.44","51583395","51583395","16000","3212","16000","3212"
"2026-07-08","2.5","92221515","92221515","16400","5645","16400","5645"
"2026-07-07","-1.84","107984890","107984890","16000","6704","16000","6704"
"2026-07-06","-3.55","117175550","117175550","16300","6971","16300","6971"
"2026-07-03","0.9","10904800","10904800","16900","649","16900","649"
"2026-07-02","0.3","6716190","6716190","16750","401","16750","401"
"2026-07-01","-0.3","153082875","153082875","16700","9546","16700","9546"
"2026-06-30","0.3","50160625","50160625","16750","3014","16750","3014"
"2026-06-29","0","5946600","5946600","16700","360","16700","360"
"2026-06-26","0.03","23232820","23232820","16700","1424","16700","1424"
"2026-06-25","3.41","21723325","21723325","16695","1309","16695","1309"
"2026-06-24","-3.29","21556900","21556900","16145","1330","16145","1330"
"2026-06-23","-0.03","14081385","14081385","16695","844","16695","844"
"2026-06-22","0.03","46654100","46654100","16700","2794","16700","2794"
"2026-06-19","5","34349315","34349315","16695","2105","16695","2105"
"2026-06-18","0.6","10758800","10758800","15900","679","15900","679"
"2026-06-17","-0.28","17115810","17115810","15805","1081","15805","1081"
"2026-06-16","0.32","52502315","52502315","15850","3321","15850","3321"
"2026-06-15","0.96","11133410","11133410","15800","707","15800","707"
"2026-06-12","0.61","29438775","29438775","15650","1897","15650","1897"
"2026-06-11","-2.17","26041450","26041450","15555","1661","15555","1661"
"2026-06-10","-0.31","46938230","46938230","15900","3048","15900","3048"
"2026-06-09","-0.31","15385360","15385360","15950","967","15950","967"
"2026-06-08","-3.64","45461590","45461590","16000","2807","16000","2807"
"2026-06-05","-2.18","23662310","23662310","16605","1408","16605","1408"
"2026-06-04","4.78","27858395","27858395","16975","1662","16975","1662"
"2026-06-03","3.15","39381615","39381615","16200","2455","16200","2455"
"2026-06-02","-1.84","35601265","35601265","15705","2233","15705","2233"
"2026-06-01","0","82306340","82306340","16000","5151","16000","5151"
"2026-05-29","0","83860920","83860920","16000","5331","16000","5331"
"2026-05-28","1.91","33081740","33081740","16000","2085","16000","2085"
"2026-05-26","0.96","5493580","5493580","15700","348","15700","348"
"2026-05-22","-0.64","84803270","84803270","15550","5614","15550","5614"
"2026-05-21","0.94","53702535","53702535","15650","3511","15650","3511"
"2026-05-20","-0.93","45176345","45176345","15505","2842","15505","2842"
"2026-05-19","0.32","47942415","47942415","15650","3056","15650","3056"
"2026-05-18","2.97","54401350","54401350","15600","3521","15600","3521"
"2026-05-15","1","9349870","9349870","15150","618","15150","618"
"2026-05-13","-0.33","20069970","20069970","15000","1336","15000","1336"
"2026-05-12","-0.33","7436600","7436600","15050","492","15050","492"
"2026-05-11","1.21","13488570","13488570","15100","899","15100","899"
"2026-05-08","0.13","5245480","5245480","14920","350","14920","350"
"2026-05-07","-1.97","3919950","3919950","14900","260","14900","260"
"2026-05-06","1.33","33757655","33757655","15200","2240","15200","2240"
"2026-05-05","0","6547735","6547735","15000","431","15000","431"
"2026-05-04","-1.32","18176240","18176240","15000","1192","15000","1192"
"2026-04-30","3.68","1272060","1272060","15200","85","15200","85"
"2026-04-29","-3.87","13904305","13904305","14660","928","14660","928"
"2026-04-28","4.1","11335575","11335575","15250","753","15250","753"
"2026-04-27","-1.68","21580580","21580580","14650","1458","14650","1458"
"2026-04-24","0","2342940","2342940","14900","157","14900","157"
"2026-04-23","-0.67","16377030","16377030","14900","1095","14900","1095"
"2026-04-22","0.64","15125525","15125525","15000","1010","15000","1010"
"2026-04-21","0.03","9639635","9639635","14905","644","14905","644"
"2026-04-20","1.36","2475025","2475025","14900","165","14900","165"
"2026-04-17","-2","29399920","29399920","14700","1951","14700","1951"
"2026-04-16","-1.09","25571600","25571600","15000","1688","15000","1688"
"2026-04-15","-0.03","16109360","16109360","15165","1062","15165","1062"
"2026-04-14","2.57","3310695","3310695","15170","219","15170","219"
"2026-04-13","-1.43","35371450","35371450","14790","2356","14790","2356"
"2026-04-10","-0.63","4519090","4519090","15005","299","15005","299"
"2026-04-09","0.67","8016650","8016650","15100","531","15100","531"
"2026-04-08","-1.32","9293230","9293230","15000","614","15000","614"
"2026-04-07","1.33","17449030","17449030","15200","1154","15200","1154"
"2026-04-03","-1.32","15605190","15605190","15000","1045","15000","1045"
"2026-04-02","0","14361975","14361975","15200","946","15200","946"
"2026-04-01","0","10751050","10751050","15200","708","15200","708"
"2026-03-31","3.75","7450100","7450100","15200","499","15200","499"
"2026-03-30","-4.25","9927650","9927650","14650","666","14650","666"
"2026-03-27","4.4","43459265","43459265","15300","2926","15300","2926"
"2026-03-26","1.07","6623855","6623855","14655","441","14655","441"
"2026-03-25","-0.68","17611480","17611480","14500","1208","14500","1208"
"2026-03-24","2.82","16485745","16485745","14600","1115","14600","1115"
"2026-03-23","-2.41","118230935","118230935","14200","8259","14200","8259"
"2026-03-19","-3.32","30298145","30298145","14550","2032","14550","2032"
"2026-03-18","0","7518185","7518185","15050","500","15050","500"
"2026-03-17","0.33","9673750","9673750","15050","642","15050","642"
"2026-03-13","-1.35","25274165","25274165","15000","1667","15000","1667"
"2026-03-12","-0.62","56438105","56438105","15205","3705","15205","3705"
"2026-03-11","0","8805420","8805420","15300","570","15300","570"
"2026-03-10","-1.64","28593815","28593815","15300","1844","15300","1844"
"2026-03-09","-0.61","21659775","21659775","15555","1378","15555","1378"
"2026-03-06","0.32","55176895","55176895","15650","3534","15650","3534"
"2026-03-05","-1.89","11762050","11762050","15600","747","15600","747"
"2026-03-04","0","83646660","83646660","15900","5352","15900","5352"
"2026-03-03","1.92","30175360","30175360","15900","1927","15900","1927"
"2026-03-02","0.29","25957300","25957300","15600","1665","15600","1665"
"2026-02-27","-0.86","40669555","40669555","15555","2583","15555","2583"
"2026-02-26","0.26","64905355","64905355","15690","4150","15690","4150"
"2026-02-25","0.97","334814070","334814070","15650","21429","15650","21429"
"2026-02-24","1.97","13687705","13687705","15500","896","15500","896"
"2026-02-23","1.3","40576655","40576655","15200","2655","15200","2655"
"2026-02-20","2.77","107676670","107676670","15005","7136","15005","7136"
"2026-02-19","3.51","69336815","69336815","14600","4667","14600","4667"
"2026-02-18","-6.93","163082820","163082820","14105","11103","14105","11103"
"2026-02-17","0.03","71743220","71743220","15155","4754","15155","4754"
"2026-02-16","0.33","49959245","49959245","15150","3293","15150","3293"
"2026-02-13","0","26022195","26022195","15100","1730","15100","1730"
"2026-02-12","-0.66","61665675","61665675","15100","4093","15100","4093"
"2026-02-11","0.66","73889225","73889225","15200","4876","15200","4876"
"2026-02-10","0","25178115","25178115","15100","1677","15100","1677"
"2026-02-09","0.7","21426935","21426935","15100","1437","15100","1437"
"2026-02-06","1.32","12160685","12160685","14995","820","14995","820"
"2026-02-05","0.03","29243110","29243110","14800","1973","14800","1973"
"2026-02-04","0.99","9314255","9314255","14795","637","14795","637"
"2026-02-03","1.1","3849090","3849090","14650","264","14650","264"
"2026-02-02","0","19209440","19209440","14490","1325","14490","1325"
"2026-01-30","0.28","8049115","8049115","14490","556","14490","556"
"2026-01-29","0.42","19582115","19582115","14450","1359","14450","1359"
"2026-01-28","-0.07","11009775","11009775","14390","768","14390","768"
"2026-01-27","0.35","16316035","16316035","14400","1134","14400","1134"
"2026-01-26","-0.35","14976010","14976010","14350","1045","14350","1045"
"2026-01-23","0","8502055","8502055","14400","591","14400","591"
"2026-01-22","-0.69","24492680","24492680","14400","1728","14400","1728"
"2026-01-21","2.08","25581795","25581795","14500","1775","14500","1775"
"2026-01-20","-1.83","10553070","10553070","14205","734","14205","734"
"2026-01-19","0.14","12210135","12210135","14470","854","14470","854"
"2026-01-16","0","16092150","16092150","14450","1115","14450","1115"
"2026-01-15","2.48","11546895","11546895","14450","811","14450","811"
"2026-01-14","0.53","169942175","169942175","14100","12148","14100","12148"
"2026-01-13","0.18","22839525","22839525","14025","1636","14025","1636"
"2026-01-12","-0.96","52716470","52716470","14000","3757","14000","3757"
"2026-01-09","0.25","63856450","63856450","14135","4530","14135","4530"
"2026-01-08","-0.63","17917885","17917885","14100","1270","14100","1270"
"2026-01-07","0","21410535","21410535","14190","1514","14190","1514"
"2026-01-06","1.21","20115450","20115450","14190","1429","14190","1429"
"2026-01-05","-0.25","23200650","23200650","14020","1646","14020","1646"
"2026-01-02","-1.37","37492280","37492280","14055","2639","14055","2639"
"2025-12-31","-0.35","25433890","25433890","14250","1783","14250","1783"
"2025-12-30","-1.24","93842735","93842735","14300","6686","14300","6686"
"2025-12-29","-0.14","41858290","41858290","14480","2896","14480","2896"
"2025-12-26","-0.68","14534560","14534560","14500","1001","14500","1001"
"2025-12-24","0.69","4973150","4973150","14600","342","14600","342"
"2025-12-23","-0.68","39080575","39080575","14500","2691","14500","2691"
"2025-12-22","0.69","31043355","31043355","14600","2134","14600","2134"
"2025-12-19","1.4","6768140","6768140","14500","466","14500","466"
"2025-12-18","-4.03","45383640","45383640","14300","3139","14300","3139"
"2025-12-17","0.68","6053000","6053000","14900","408","14900","408"
"2025-12-16","-1.95","81192340","81192340","14800","5553","14800","5553"
"2025-12-15","-0.03","32267900","32267900","15095","2162","15095","2162"
"2025-12-12","-0.33","4920750","4920750","15100","325","15100","325"
"2025-12-11","-1.3","22401755","22401755","15150","1473","15150","1473"
"2025-12-10","0","5724520","5724520","15350","374","15350","374"
"2025-12-09","0.33","4851450","4851450","15350","317","15350","317"
"2025-12-08","0.66","9753470","9753470","15300","640","15300","640"
"2025-12-05","0","5894740","5894740","15200","388","15200","388"
"2025-12-04","0.26","10536445","10536445","15200","699","15200","699"
"2025-12-03","1.07","17663660","17663660","15160","1167","15160","1167"
"2025-12-02","-4.18","2716695","2716695","15000","181","15000","181"
"2025-12-01","6.86","23796740","23796740","15655","1524","15655","1524"
"2025-11-28","-3.62","32507915","32507915","14650","2097","14650","2097"
"2025-11-27","-0.52","21155425","21155425","15200","1420","15200","1420"
"2025-11-26","4.3","81198015","81198015","15280","5295","15280","5295"
"2025-11-25","0.69","3195250","3195250","14650","218","14650","218"
"2025-11-24","-3","17133220","17133220","14550","1157","14550","1157"
"2025-11-21","2.04","34428025","34428025","15000","2309","15000","2309"
"2025-11-20","1.38","23783300","23783300","14700","1639","14700","1639"
"2025-11-19","0.35","287274165","287274165","14500","20702","14500","20702"
"2025-11-18","0","52420625","52420625","14450","3652","14450","3652"
"2025-11-17","1.05","7751230","7751230","14450","540","14450","540"
"2025-11-14","0.14","11987360","11987360","14300","838","14300","838"
"2025-11-13","-1.86","14367925","14367925","14280","995","14280","995"
"2025-11-12","-0.34","7281875","7281875","14550","503","14550","503"
"2025-11-11","2.78","143445665","143445665","14600","10235","14600","10235"
"2025-11-10","0.35","384723905","384723905","14205","27465","14205","27465"
"2025-11-07","-3.08","70130120","70130120","14155","4943","14155","4943"
"2025-11-06","2.85","32188970","32188970","14605","2229","14605","2229"
"2025-11-05","-1.39","39973995","39973995","14200","2778","14200","2778"
"2025-11-04","-0.03","46472350","46472350","14400","3227","14400","3227"
"2025-11-03","-0.52","12775095","12775095","14405","886","14405","886"
"2025-10-31","-0.07","12297450","12297450","14480","852","14480","852"
"2025-10-30","0.03","44436090","44436090","14490","3065","14490","3065"
"2025-10-29","-0.1","28010870","28010870","14485","1933","14485","1933"
"2025-10-28","-2.03","124120895","124120895","14500","8554","14500","8554"
"2025-10-27","0","28650200","28650200","14800","1944","14800","1944"
"2025-10-24","1.86","23330180","23330180","14800","1563","14800","1563"
"2025-10-23","-3.13","113325665","113325665","14530","7728","14530","7728"
"2025-10-22","0.37","20671520","20671520","15000","1382","15000","1382"
"2025-10-21","0.3","37417970","37417970","14945","2497","14945","2497"
"2025-10-20","3.47","168800245","168800245","14900","11495","14900","11495"
"2025-10-17","0","14552095","14552095","14400","1011","14400","1011"
"2025-10-16","-0.69","19531275","19531275","14400","1352","14400","1352"
"2025-10-15","1.33","26534775","26534775","14500","1839","14500","1839"
"2025-10-14","-1.38","26942850","26942850","14310","1862","14310","1862"
"2025-10-13","-0.27","12194965","12194965","14510","834","14510","834"
"2025-10-10","-1.02","5890375","5890375","14550","404","14550","404"
"2025-10-09","0","101898010","101898010","14700","7087","14700","7087"
"2025-10-08","0","13126770","13126770","14700","896","14700","896"
"2025-10-07","-1.97","17566710","17566710","14700","1208","14700","1208"
"2025-10-06","4.82","24782895","24782895","14995","1703","14995","1703"
"2025-10-03","-3.34","9656085","9656085","14305","663","14305","663"
"2025-10-02","0","17039430","17039430","14800","1174","14800","1174"
"2025-10-01","1.02","6907335","6907335","14800","468","14800","468"
"2025-09-30","0.34","12411795","12411795","14650","843","14650","843"
"2025-09-29","-0.34","9254990","9254990","14600","631","14600","631"
"2025-09-26","0","12851915","12851915","14650","885","14650","885"
"2025-09-25","0","19167250","19167250","14650","1315","14650","1315"
"2025-09-24","1.21","28148650","28148650","14650","1943","14650","1943"
"2025-09-23","-0.17","8166310","8166310","14475","566","14475","566"
"2025-09-22","-2.03","18905865","18905865","14500","1290","14500","1290"
"2025-09-19","-0.67","5283145","5283145","14800","360","14800","360"
"2025-09-18","2.76","33101965","33101965","14900","2259","14900","2259"
"2025-09-17","0","45967805","45967805","14500","3178","14500","3178"
"2025-09-16","0.69","9986685","9986685","14500","694","14500","694"
"2025-09-15","0","18633300","18633300","14400","1305","14400","1305"
"2025-09-12","1.37","11201420","11201420","14400","785","14400","785"
"2025-09-11","0.04","17502505","17502505","14205","1236","14205","1236"
"2025-09-10","-2.74","20915415","20915415","14200","1465","14200","1465"
"2025-09-09","0","7016990","7016990","14600","487","14600","487"
"2025-09-08","0","57039540","57039540","14600","4046","14600","4046"
"2025-09-05","-2.01","7022125","7022125","14600","474","14600","474"
"2025-09-03","0","19210415","19210415","14900","1293","14900","1293"
"2025-09-02","0","2175395","2175395","14900","146","14900","146"
"2025-09-01","-0.67","20634900","20634900","14900","1389","14900","1389"
"2025-08-29","0.67","143659560","143659560","15000","9584","15000","9584"
"2025-08-28","1.36","8941100","8941100","14900","607","14900","607"
"2025-08-27","-2","15445445","15445445","14700","1045","14700","1045"
"2025-08-26","2.74","15376455","15376455","15000","1046","15000","1046"
"2025-08-25","-1.38","7140255","7140255","14600","481","14600","481"
"2025-08-22","0.03","21186650","21186650","14805","1453","14805","1453"
"2025-08-21","2.42","27512500","27512500","14800","1851","14800","1851"
"2025-08-20","-1.7","82826075","82826075","14450","5720","14450","5720"
"2025-08-19","0.89","22340050","22340050","14700","1535","14700","1535"
"2025-08-18","-0.07","11115800","11115800","14570","771","14570","771"
"2025-08-14","2.93","7404295","7404295","14580","522","14580","522"
"2025-08-13","0.11","8701215","8701215","14165","618","14165","618"
"2025-08-12","0","21622660","21622660","14150","1533","14150","1533"
"2025-08-11","0.35","125660995","125660995","14150","8971","14150","8971"
"2025-08-08","0.71","168055500","168055500","14100","12002","14100","12002"
"2025-08-06","-1.06","4401320","4401320","14000","314","14000","314"
"2025-08-05","-0.35","151957725","151957725","14150","10867","14150","10867"
"2025-08-04","-0.35","7064400","7064400","14200","497","14200","497"
"2025-08-01","1.42","59517165","59517165","14250","4248","14250","4248"
"2025-07-31","-0.35","6864100","6864100","14050","487","14050","487"
"2025-07-30","0.71","18999020","18999020","14100","1354","14100","1354"
"2025-07-29","-0.71","24308120","24308120","14000","1731","14000","1731"
"2025-07-28","0.71","37072460","37072460","14100","2647","14100","2647"
"2025-07-25","-1.75","24033725","24033725","14000","1700","14000","1700"
"2025-07-24","-0.35","29682580","29682580","14250","2112","14250","2112"
"2025-07-23","-2.02","55993955","55993955","14300","3908","14300","3908"
"2025-07-22","2.78","14050925","14050925","14595","971","14595","971"
"2025-07-21","-2.07","12733750","12733750","14200","887","14200","887"
"2025-07-18","0","7660940","7660940","14500","527","14500","527"
"2025-07-17","-3.33","34584230","34584230","14500","2372","14500","2372"
"2025-07-16","3.45","77409610","77409610","15000","5321","15000","5321"
"2025-07-15","3.57","96639590","96639590","14500","6649","14500","6649"
"2025-07-14","-0.71","60423010","60423010","14000","4296","14000","4296"
"2025-07-11","0.71","11926115","11926115","14100","841","14100","841"
"2025-07-10","-3.38","115195065","115195065","14000","8108","14000","8108"
"2025-07-09","0","29879650","29879650","14490","2084","14490","2084"
"2025-07-08","-0.07","10254050","10254050","14490","710","14490","710"
"2025-07-07","0.66","80362175","80362175","14500","5578","14500","5578"
"2025-07-04","-0.66","14893950","14893950","14405","1030","14405","1030"
"2025-07-03","0","26466250","26466250","14500","1841","14500","1841"
"2025-07-02","-3.33","27273285","27273285","14500","1872","14500","1872"
"2025-07-01","-2.28","21290600","21290600","15000","1454","15000","1454"
"2025-06-30","-0.26","12317950","12317950","15350","809","15350","809"
"2025-06-27","0","7825980","7825980","15390","509","15390","509"
"2025-06-26","2.6","56684280","56684280","15390","3779","15390","3779"
"2025-06-25","-3.16","42057530","42057530","15000","2802","15000","2802"
"2025-06-24","-0.06","34147485","34147485","15490","2273","15490","2273"
"2025-06-23","0","176685350","176685350","15500","11706","15500","11706"
"2025-06-20","0.65","49029335","49029335","15500","3207","15500","3207"
"2025-06-19","0","23395575","23395575","15400","1558","15400","1558"
"2025-06-18","-0.96","14157920","14157920","15400","923","15400","923"
"2025-06-17","0.32","58989120","58989120","15550","3811","15550","3811"
"2025-06-16","-0.64","27678670","27678670","15500","1779","15500","1779"
"2025-06-13","-1.98","126294050","126294050","15600","8087","15600","8087"
"2025-06-12","1.05","115534075","115534075","15915","7335","15915","7335"
"2025-06-11","0","8853675","8853675","15750","561","15750","561"
"2025-06-10","1.29","14983580","14983580","15750","958","15750","958"
"2025-06-05","-0.03","15813380","15813380","15550","1018","15550","1018"
"2025-06-04","-1.39","8939960","8939960","15555","575","15555","575"
"2025-06-03","-0.06","16284905","16284905","15775","1068","15775","1068"
"2025-06-02","-0.03","12173300","12173300","15785","807","15785","807"
"2025-05-30","0","8531805","8531805","15790","541","15790","541"
"2025-05-28","-0.03","52082785","52082785","15790","3302","15790","3302"
"2025-05-27","-0.66","21151745","21151745","15795","1344","15795","1344"
"2025-05-26","0.63","7842105","7842105","15900","495","15900","495"
"2025-05-23","0.22","14782180","14782180","15800","937","15800","937"
"2025-05-22","-0.54","6574090","6574090","15765","417","15765","417"
"2025-05-21","2.92","26500615","26500615","15850","1718","15850","1718"
"2025-05-20","-0.61","16493195","16493195","15400","1086","15400","1086"
"2025-05-19","0","3836795","3836795","15495","249","15495","249"
"2025-05-16","-0.03","14971170","14971170","15495","980","15495","980"
"2025-05-15","0","3988590","3988590","15500","258","15500","258"
"2025-05-14","0","39893990","39893990","15500","2646","15500","2646"
"2025-05-13","0","36747210","36747210","15500","2349","15500","2349"
"2025-05-12","0","8215700","8215700","15500","548","15500","548"
"2025-05-09","1.31","3096190","3096190","15500","204","15500","204"
"2025-05-08","2","15610140","15610140","15300","1044","15300","1044"
"2025-05-07","0.4","21130045","21130045","15000","1419","15000","1419"
"2025-05-06","1.63","9607690","9607690","14940","648","14940","648"
"2025-05-05","-0.68","12064540","12064540","14700","820","14700","820"
"2025-05-02","0.71","6056850","6056850","14800","411","14800","411"
"2025-04-30","-0.03","2131295","2131295","14695","145","14695","145"
"2025-04-29","3.52","20756545","20756545","14700","1443","14700","1443"
"2025-04-28","-2.07","14339300","14339300","14200","993","14200","993"
"2025-04-25","-2.36","11036600","11036600","14500","765","14500","765"
"2025-04-24","3.85","36108445","36108445","14850","2500","14850","2500"
"2025-04-23","-4.03","33669810","33669810","14300","2332","14300","2332"
"2025-04-22","6.01","7038780","7038780","14900","477","14900","477"
"2025-04-18","-6.27","49202390","49202390","14055","3490","14055","3490"
"2025-04-17","3.41","17215940","17215940","14995","1204","14995","1204"
"2025-04-16","0","110696925","110696925","14500","7872","14500","7872"
"2025-04-15","-0.72","23204985","23204985","14500","1602","14500","1602"
"2025-04-14","-7.24","27728620","27728620","14605","1861","14605","1861"
"2025-04-11","3.59","9018540","9018540","15745","587","15745","587"
"2025-04-10","4.79","92281630","92281630","15200","6493","15200","6493"
"2025-04-09","-3.2","69492540","69492540","14505","4780","14505","4780"
"2025-04-08","-1.09","68814625","68814625","14985","4714","14985","4714"
"2025-04-07","0","14887505","14887505","15150","980","15150","980"
"2025-04-04","1.68","88197425","88197425","15150","6010","15150","6010"
"2025-04-03","0.68","22709315","22709315","14900","1529","14900","1529"
"2025-04-02","-0.67","45593775","45593775","14800","3099","14800","3099"
"2025-04-01","2.76","39374705","39374705","14900","2653","14900","2653"
"2025-03-28","3.79","33562055","33562055","14500","2396","14500","2396"
"2025-03-26","2.72","33326960","33326960","13970","2438","13970","2438"
"2025-03-25","2.26","131493730","131493730","13600","9868","13600","9868"
"2025-03-24","2.31","50338810","50338810","13300","3732","13300","3732"
"2025-03-21","-6.94","39656900","39656900","13000","3062","13000","3062"
"2025-03-20","-5.61","56391370","56391370","13970","4037","13970","4037"
"2025-03-19","-5.73","92371840","92371840","14800","6149","14800","6149"
"2025-03-18","-1.88","7009430","7009430","15700","447","15700","447"
"2025-03-17","-1.2","30838785","30838785","16000","1964","16000","1964"
"2025-03-14","-0.03","6799970","6799970","16195","421","16195","421"
"2025-03-13","0","21389035","21389035","16200","1321","16200","1321"
"2025-03-12","-0.61","29037845","29037845","16200","1814","16200","1814"
"2025-03-11","-0.91","16294250","16294250","16300","1005","16300","1005"
"2025-03-10","-2.66","16212720","16212720","16450","990","16450","990"
"2025-03-07","0","68649270","68649270","16900","4147","16900","4147"
"2025-03-06","0","18885130","18885130","16900","1182","16900","1182"
"2025-03-05","-0.59","41344075","41344075","16900","2463","16900","2463"
"2025-03-04","-2.83","12405720","12405720","17000","725","17000","725"
"2025-03-03","-0.6","17837365","17837365","17495","1033","17495","1033"
"2025-02-28","0.57","6209265","6209265","17600","355","17600","355"
"2025-02-27","0","25417235","25417235","17500","1459","17500","1459"
"2025-02-26","1.74","61276550","61276550","17500","3612","17500","3612"
"2025-02-25","-2.16","98579430","98579430","17200","5581","17200","5581"
"2025-02-24","-2.33","309653710","309653710","17580","17663","17580","17663"
"2025-02-21","0.08","33858480","33858480","18000","1883","18000","1883"
"2025-02-20","2.19","27803505","27803505","17985","1566","17985","1566"
"2025-02-19","1.73","22507380","22507380","17600","1282","17600","1282"
"2025-02-18","-1.7","39085620","39085620","17300","2237","17300","2237"
"2025-02-17","-0.31","27066425","27066425","17600","1545","17600","1545"
"2025-02-14","-0.25","16095645","16095645","17655","910","17655","910"
"2025-02-13","0.25","25926870","25926870","17700","1467","17700","1467"
"2025-02-12","0.89","67208210","67208210","17655","3839","17655","3839"
"2025-02-11","0","24269200","24269200","17500","1387","17500","1387"
"2025-02-10","-1.13","36381275","36381275","17500","2071","17500","2071"
"2025-02-07","-0.53","3189935","3189935","17700","180","17700","180"
"2025-02-06","-0.03","11864355","11864355","17795","672","17795","672"
"2025-02-05","0","13102350","13102350","17800","743","17800","743"
"2025-02-04","0.56","21330085","21330085","17800","1205","17800","1205"
"2025-02-03","0","64679800","64679800","17700","3694","17700","3694"
"2025-01-31","-1.09","58633055","58633055","17700","3361","17700","3361"
"2025-01-30","-0.58","69032540","69032540","17895","3872","17895","3872"
"2025-01-29","0","93006510","93006510","18000","5250","18000","5250"
"2025-01-28","0","8225925","8225925","18000","458","18000","458"
"2025-01-27","0.84","10091295","10091295","18000","566","18000","566"
"2025-01-24","0.28","84134935","84134935","17850","4759","17850","4759"
"2025-01-23","1.71","61864100","61864100","17800","3523","17800","3523"
"2025-01-22","0","57030700","57030700","17500","3258","17500","3258"
"2025-01-21","0","58396125","58396125","17500","3340","17500","3340"
"2025-01-20","0","11536450","11536450","17500","657","17500","657"
"2025-01-17","1.71","54703975","54703975","17500","3116","17500","3116"
"2025-01-16","0.32","58979540","58979540","17205","3279","17205","3279"
"2025-01-15","0","39976885","39976885","17150","2345","17150","2345"
"2025-01-14","-3.65","17597040","17597040","17150","1008","17150","1008"
"2025-01-13","4.68","65673465","65673465","17800","3726","17800","3726"
"2025-01-10","-2.83","59926900","59926900","17005","3453","17005","3453"
"2025-01-09","1.13","14957750","14957750","17500","851","17500","851"
"2025-01-08","-3.05","203720665","203720665","17305","11017","17305","11017"
"2025-01-07","1.71","47836200","47836200","17850","2744","17850","2744"
"2025-01-06","0","18659595","18659595","17550","1066","17550","1066"
"2025-01-03","0.29","5391050","5391050","17550","308","17550","308"
"2025-01-02","0","17878225","17878225","17500","1026","17500","1026"
"2024-12-31","2.94","142142900","142142900","17500","8308","17500","8308"
"2024-12-30","0","23833750","23833750","17000","1407","17000","1407"
"2024-12-27","0","4948740","4948740","17000","290","17000","290"
"2024-12-26","0","359954365","359954365","17000","21174","17000","21174"
"2024-12-24","-2.86","1159507300","1159507300","17000","67936","17000","67936"
"2024-12-23","1.74","5047400","5047400","17500","290","17500","290"
"2024-12-20","-1.15","13836490","13836490","17200","795","17200","795"
"2024-12-19","1.72","347989425","347989425","17400","20124","17400","20124"
"2024-12-18","-1.98","60659590","60659590","17105","3528","17105","3528"
"2024-12-17","-0.29","245146855","245146855","17450","14185","17450","14185"
"2024-12-16","0","32244680","32244680","17500","1839","17500","1839"
"2024-12-13","0.29","335925875","335925875","17500","19199","17500","19199"
"2024-12-12","0","220628315","220628315","17450","12923","17450","12923"
"2024-12-11","-0.29","71441625","71441625","17450","4106","17450","4106"
"2024-12-10","0.57","62394105","62394105","17500","3592","17500","3592"
"2024-12-09","-0.57","56980720","56980720","17400","3291","17400","3291"
"2024-12-06","0","150240620","150240620","17500","8680","17500","8680"
"2024-12-05","1.16","135058835","135058835","17500","7786","17500","7786"
"2024-12-04","-0.29","5361760","5361760","17300","310","17300","310"
"2024-12-03","0.29","54173250","54173250","17350","3132","17350","3132"
"2024-12-02","-0.29","55795870","55795870","17300","3225","17300","3225"
"2024-11-29","0","29487975","29487975","17350","1703","17350","1703"
"2024-11-28","0","8327990","8327990","17350","480","17350","480"
"2024-11-27","0.06","17059890","17059890","17350","985","17350","985"
"2024-11-26","0","15317015","15317015","17340","885","17340","885"
"2024-11-25","-0.06","13689475","13689475","17340","790","17340","790"
"2024-11-22","0.29","40138435","40138435","17350","2320","17350","2320"
"2024-11-21","-0.29","13058970","13058970","17300","754","17300","754"
"2024-11-20","0","33348765","33348765","17350","1922","17350","1922"
"2024-11-19","0.87","33467910","33467910","17350","1965","17350","1965"
"2024-11-18","0.61","121444360","121444360","17200","7134","17200","7134"
"2024-11-14","0.56","11901455","11901455","17095","692","17095","692"
"2024-11-13","2.22","5530070","5530070","17000","324","17000","324"
"2024-11-12","-4.34","58406060","58406060","16630","3354","16630","3354"
"2024-11-11","7.48","55942940","55942940","17385","3262","17385","3262"
"2024-11-08","0.47","94755275","94755275","16175","5847","16175","5847"
"2024-11-07","1.23","13236505","13236505","16100","831","16100","831"
"2024-11-06","0","31503965","31503965","15905","1980","15905","1980"
"2024-11-05","-1.21","10677945","10677945","15905","670","15905","670"
"2024-11-04","1.9","10685015","10685015","16100","678","16100","678"
"2024-10-31","0.48","8266200","8266200","15800","523","15800","523"
"2024-10-30","0.22","11018975","11018975","15725","690","15725","690"
"2024-10-29","0","83207370","83207370","15690","5285","15690","5285"
"2024-10-28","2.55","23309390","23309390","15690","1494","15690","1494"
"2024-10-25","0.99","9124250","9124250","15300","600","15300","600"
"2024-10-24","-0.98","15542160","15542160","15150","1021","15150","1021"
"2024-10-23","1.09","80684745","80684745","15300","5308","15300","5308"
"2024-10-22","0.5","39577610","39577610","15135","2636","15135","2636"
"2024-10-21","-0.59","6648205","6648205","15060","439","15060","439"
"2024-10-18","0","4865300","4865300","15150","322","15150","322"
"2024-10-17","-0.33","11296300","11296300","15150","745","15150","745"
"2024-10-16","-0.65","4540210","4540210","15200","298","15200","298"
"2024-10-15","0.96","24410675","24410675","15300","1608","15300","1608"
"2024-10-14","0.03","51909495","51909495","15155","3425","15155","3425"
"2024-10-11","-3.5","118949535","118949535","15150","7817","15150","7817"
"2024-10-10","0","16349100","16349100","15700","1046","15700","1046"
"2024-10-09","-0.63","7284880","7284880","15700","469","15700","469"
"2024-10-08","1.94","12845600","12845600","15800","832","15800","832"
"2024-10-07","2.31","61036260","61036260","15500","4028","15500","4028"
"2024-10-04","-0.66","37054025","37054025","15150","2463","15150","2463"
"2024-10-03","-1.61","47243975","47243975","15250","3140","15250","3140"
"2024-10-02","0","24920720","24920720","15500","1612","15500","1612"
"2024-10-01","-1.59","23506640","23506640","15500","1509","15500","1509"
"2024-09-30","0","18838520","18838520","15750","1196","15750","1196"
"2024-09-27","0","24174750","24174750","15750","1535","15750","1535"
"2024-09-26","0.93","30468400","30468400","15750","1962","15750","1962"
"2024-09-25","-0.61","3987140","3987140","15605","255","15605","255"
"2024-09-24","0.64","51286255","51286255","15700","3372","15700","3372"
"2024-09-23","1.96","12037650","12037650","15600","769","15600","769"
"2024-09-20","2","4635950","4635950","15300","299","15300","299"
"2024-09-19","0","7132300","7132300","15000","471","15000","471"
"2024-09-18","0","17686800","17686800","15000","1179","15000","1179"
"2024-09-17","0.33","6194430","6194430","15000","413","15000","413"
"2024-09-16","0","21303580","21303580","14950","1425","14950","1425"
"2024-09-13","0.13","32826150","32826150","14950","2198","14950","2198"
"2024-09-12","-0.86","151798275","151798275","14930","10120","14930","10120"
"2024-09-11","1.01","14422145","14422145","15060","957","15060","957"
"2024-09-10","0.1","26867200","26867200","14910","1795","14910","1795"
"2024-09-09","0.64","37909425","37909425","14895","2558","14895","2558"
"2024-09-06","0","130360100","130360100","14800","8750","14800","8750"
"2024-09-05","-0.54","92998330","92998330","14800","6269","14800","6269"
"2024-09-04","-0.13","36574140","36574140","14880","2460","14880","2460"
"2024-09-03","0.13","13714355","13714355","14900","921","14900","921"
"2024-09-02","1.92","32547570","32547570","14880","2188","14880","2188"
"2024-08-30","-1.88","19508785","19508785","14600","1325","14600","1325"
"2024-08-29","2.62","21590460","21590460","14880","1460","14880","1460"
"2024-08-28","1.22","48685085","48685085","14500","3351","14500","3351"
"2024-08-27","1.6","9609835","9609835","14325","651","14325","651"
"2024-08-26","-5.21","496943920","496943920","14100","35939","14100","35939"
"2024-08-23","-0.07","13154000","13154000","14875","880","14875","880"
"2024-08-22","1.43","41327420","41327420","14885","2779","14885","2779"
"2024-08-21","0.51","15435060","15435060","14675","1053","14675","1053"
"2024-08-20","0.69","23326280","23326280","14600","1608","14600","1608"
"2024-08-19","3.53","155367730","155367730","14500","11062","14500","11062"
"2024-08-16","0.04","22886815","22886815","14005","1630","14005","1630"
"2024-08-14","0.04","10609000","10609000","14000","758","14000","758"
"2024-08-13","-0.04","40120615","40120615","13995","2873","13995","2873"
"2024-08-12","0","39089750","39089750","14000","2794","14000","2794"
"2024-08-09","4.36","55692665","55692665","14000","4155","14000","4155"
"2024-08-08","0.86","19153400","19153400","13415","1432","13415","1432"
"2024-08-06","1.92","7611640","7611640","13300","576","13300","576"
"2024-08-05","-2.5","12178745","12178745","13050","911","13050","911"
"2024-08-02","5.64","3469920","3469920","13385","262","13385","262"
"2024-08-01","0.12","4885050","4885050","12670","374","12670","374"
"2024-07-31","0.4","16528900","16528900","12655","1286","12655","1286"
"2024-07-30","-3","16076350","16076350","12605","1255","12605","1255"
"2024-07-29","-0.04","16613060","16613060","12995","1278","12995","1278"
"2024-07-26","0","7174515","7174515","13000","558","13000","558"
"2024-07-25","0","3855830","3855830","13000","298","13000","298"
"2024-07-24","3.17","4416705","4416705","13000","344","13000","344"
"2024-07-23","0","9898970","9898970","12600","767","12600","767"
"2024-07-22","-3.08","31950975","31950975","12600","2505","12600","2505"
"2024-07-19","0","76679300","76679300","13000","5973","13000","5973"
"2024-07-18","-3.24","17481305","17481305","13000","1327","13000","1327"
"2024-07-17","7.48","3635395","3635395","13435","290","13435","290"
"2024-07-16","3.73","15816070","15816070","12500","1310","12500","1310"
"2024-07-15","0.42","5793425","5793425","12050","483","12050","483"
"2024-07-12","-0.83","14029345","14029345","12000","1169","12000","1169"
"2024-07-11","0","6460050","6460050","12100","537","12100","537"
"2024-07-10","2.89","3913665","3913665","12100","326","12100","326"
"2024-07-09","-2","25052340","25052340","11760","2120","11760","2120"
"2024-07-08","0","119887565","119887565","12000","9993","12000","9993"
"2024-07-05","0","8731900","8731900","12000","731","12000","731"
"2024-07-04","0","186778265","186778265","12000","15917","12000","15917"
"2024-07-03","0.42","6040855","6040855","12000","506","12000","506"
"2024-07-02","0.84","4768705","4768705","11950","404","11950","404"
"2024-07-01","0.42","55326765","55326765","11850","4690","11850","4690"
"2024-06-28","-1.26","5434510","5434510","11800","458","11800","458"
"2024-06-27","-0.42","5609100","5609100","11950","471","11950","471"
"2024-06-26","0","2722000","2722000","12000","227","12000","227"
"2024-06-25","2.08","13087050","13087050","12000","1106","12000","1106"
"2024-06-24","0","8054645","8054645","11755","692","11755","692"
"2024-06-21","-0.3","5103175","5103175","11755","434","11755","434"
"2024-06-20","1.64","919070","919070","11790","78","11790","78"
"2024-06-19","0.83","4837350","4837350","11600","419","11600","419"
"2024-06-18","-2.04","12122885","12122885","11505","1041","11505","1041"
"2024-06-14","2.13","3593800","3593800","11745","309","11745","309"
"2024-06-13","2.68","14680740","14680740","11500","1304","11500","1304"
"2024-06-12","0.22","15873395","15873395","11200","1420","11200","1420"
"2024-06-11","0","18292350","18292350","11175","1601","11175","1601"
"2024-06-10","-1.97","58602875","58602875","11175","5147","11175","5147"
"2024-06-07","-0.39","5075200","5075200","11400","446","11400","446"
"2024-06-06","4.05","13030635","13030635","11445","1176","11445","1176"
"2024-06-05","-3.93","67174990","67174990","11000","6104","11000","6104"
"2024-06-04","-0.3","423150","423150","11450","37","11450","37"
"2024-06-03","-0.09","10663800","10663800","11485","953","11485","953"
"2024-05-31","2.63","482815","482815","11495","42","11495","42"
"2024-05-30","-5.84","24866965","24866965","11200","2202","11200","2202"
"2024-05-29","0.85","16265005","16265005","11895","1385","11895","1385"
"2024-05-28","2.52","7791305","7791305","11795","665","11795","665"
"2024-05-27","0.04","2729210","2729210","11505","237","11505","237"
"2024-05-24","0","5688240","5688240","11500","490","11500","490"
"2024-05-23","0.44","10863700","10863700","11500","945","11500","945"
"2024-05-22","0","5154275","5154275","11450","451","11450","451"
"2024-05-21","0.44","23757905","23757905","11450","2083","11450","2083"
"2024-05-17","0","10610115","10610115","11400","945","11400","945"
"2024-05-16","2.24","13751065","13751065","11400","1208","11400","1208"
"2024-05-15","-3.04","78780550","78780550","11150","6873","11150","6873"
"2024-05-14","3.84","4018775","4018775","11500","353","11500","353"
"2024-05-13","0.68","4705200","4705200","11075","428","11075","428"
"2024-05-10","0","6866450","6866450","11000","631","11000","631"
"2024-05-08","0","91763580","91763580","11000","8424","11000","8424"
"2024-05-07","-0.45","26847475","26847475","11000","2440","11000","2440"
"2024-05-06","-0.23","5675800","5675800","11050","514","11050","514"
"2024-05-03","0.68","23500030","23500030","11075","2150","11075","2150"
"2024-05-02","0.41","16278950","16278950","11000","1482","11000","1482"
"2024-04-30","-0.41","16772525","16772525","10955","1531","10955","1531"
"2024-04-29","0.09","24838275","24838275","11000","2260","11000","2260"
"2024-04-26","1.34","29525820","29525820","10990","2721","10990","2721"
"2024-04-25","-0.09","4029715","4029715","10845","373","10845","373"
"2024-04-24","0","116321370","116321370","10855","10721","10855","10721"
"2024-04-23","0","1086995","1086995","10855","100","10855","100"
"2024-04-22","0.05","1257835","1257835","10855","115","10855","115"
"2024-04-19","0.05","32700","32700","10850","3","10850","3"
"2024-04-18","-1.41","15970020","15970020","10845","1465","10845","1465"
"2024-04-17","1.38","569000","569000","11000","52","11000","52"
"2024-04-16","-1.36","16136085","16136085","10850","1485","10850","1485"
"2024-04-15","1.43","435860","435860","11000","40","11000","40"
"2024-04-12","0","10581365","10581365","10845","979","10845","979"
"2024-04-11","0","74919815","74919815","10845","6936","10845","6936"
"2024-04-09","0","49320815","49320815","10845","4564","10845","4564"
"2024-04-08","0.42","7564730","7564730","10845","699","10845","699"
"2024-04-05","-0.92","5851710","5851710","10800","541","10800","541"
"2024-04-04","0","8453605","8453605","10900","781","10900","781"
"2024-04-03","0.51","8938000","8938000","10900","820","10900","820"
"2024-04-02","0","10870650","10870650","10845","1006","10845","1006"
"2024-03-29","0","639200","639200","10845","59","10845","59"
"2024-03-28","0.46","5897640","5897640","10845","545","10845","545"
"2024-03-27","-0.51","25778140","25778140","10795","2387","10795","2387"
"2024-03-26","0","6614670","6614670","10850","615","10850","615"
"2024-03-25","0.46","25692900","25692900","10850","2380","10850","2380"
"2024-03-22","0.09","8110675","8110675","10800","751","10800","751"
"2024-03-21","0.37","5258625","5258625","10790","488","10790","488"
"2024-03-20","0","16814775","16814775","10750","1563","10750","1563"
"2024-03-19","-1.29","1323140","1323140","10750","123","10750","123"
"2024-03-18","1.3","121266270","121266270","10890","11280","10890","11280"
"2024-03-15","0","4861125","4861125","10750","452","10750","452"
"2024-03-14","-0.46","2483250","2483250","10750","231","10750","231"
"2024-03-13","-0.46","5193900","5193900","10800","483","10800","483"
"2024-03-12","1.31","4992720","4992720","10850","463","10850","463"
"2024-03-11","-1.65","75985900","75985900","10710","6882","10710","6882"
"2024-03-08","0","6806305","6806305","10890","631","10890","631"
"2024-03-07","1.73","7679250","7679250","10890","705","10890","705"
"2024-03-06","-2.24","40678930","40678930","10705","3796","10705","3796"
"2024-03-05","-0.32","7758945","7758945","10950","713","10950","713"
"2024-03-04","-0.09","11152150","11152150","10985","1026","10985","1026"
"2024-03-01","0.41","18153845","18153845","10995","1658","10995","1658"
"2024-02-29","2.05","8608835","8608835","10950","802","10950","802"
"2024-02-28","0","1169840","1169840","10730","109","10730","109"
"2024-02-27","0","10059230","10059230","10730","940","10730","940"
"2024-02-26","0","14417600","14417600","10730","1320","10730","1320"
"2024-02-23","0.66","2286885","2286885","10730","214","10730","214"
"2024-02-22","0","32144525","32144525","10660","3012","10660","3012"
"2024-02-21","-0.79","4496940","4496940","10660","421","10660","421"
"2024-02-20","0.42","1504350","1504350","10745","140","10745","140"
"2024-02-19","0","6189290","6189290","10700","579","10700","579"
"2024-02-16","0.38","363505","363505","10700","34","10700","34"
"2024-02-15","0","18468110","18468110","10660","1732","10660","1732"
"2024-02-14","0","4274455","4274455","10660","401","10660","401"
"2024-02-13","0.05","5691895","5691895","10660","534","10660","534"
"2024-02-09","-0.37","7108930","7108930","10655","666","10655","666"
"2024-02-08","0.33","10695","10695","10695","1","10695","1"
"2024-02-07","-0.37","7013340","7013340","10660","656","10660","656"
"2024-02-06","-0.93","18310760","18310760","10700","1698","10700","1698"
"2024-02-05","0","4246600","4246600","10800","393","10800","393"
"2024-02-02","0.93","4066250","4066250","10800","377","10800","377"
"2024-02-01","0.42","10134125","10134125","10700","948","10700","948"
"2024-01-31","0","1343700","1343700","10655","126","10655","126"
"2024-01-30","-0.42","3293960","3293960","10655","309","10655","309"
"2024-01-29","0.38","3105475","3105475","10700","291","10700","291"
"2024-01-26","0","7825800","7825800","10660","734","10660","734"
"2024-01-25","0.05","22967725","22967725","10660","2155","10660","2155"
"2024-01-24","-0.42","11060835","11060835","10655","1037","10655","1037"
"2024-01-23","0.42","1194275","1194275","10700","112","10700","112"
"2024-01-22","-0.42","4581675","4581675","10655","430","10655","430"
"2024-01-19","0.42","1945555","1945555","10700","182","10700","182"
"2024-01-18","-0.88","6427440","6427440","10655","603","10655","603"
"2024-01-17","0.89","54976000","54976000","10750","5162","10750","5162"
"2024-01-16","-1.34","2401950","2401950","10655","225","10655","225"
"2024-01-15","0","3471570","3471570","10800","326","10800","326"
"2024-01-12","0.05","4421760","4421760","10800","411","10800","411"
"2024-01-11","-0.28","1013710","1013710","10795","94","10795","94"
"2024-01-10","-0.18","1810525","1810525","10825","167","10825","167"
"2024-01-09","-0.05","8355395","8355395","10845","787","10845","787"
"2024-01-08","-0.46","1292970","1292970","10850","121","10850","121"
"2024-01-05","0","3195460","3195460","10900","296","10900","296"
"2024-01-04","0","4062000","4062000","10900","375","10900","375"
"2024-01-03","2.83","62877600","62877600","10900","5929","10900","5929"
"2024-01-02","-2.75","50914850","50914850","10600","4803","10600","4803"
"2023-12-29","-2.2","6914820","6914820","10900","642","10900","642"
"2023-12-28","5.14","135522630","135522630","11145","12275","11145","12275"
"2023-12-27","0.95","83273135","83273135","10600","7856","10600","7856"
"2023-12-26","-1.87","16695260","16695260","10500","1587","10500","1587"
"2023-12-22","-1.38","2604900","2604900","10700","243","10700","243"
"2023-12-21","-0.28","1888600","1888600","10850","175","10850","175"
"2023-12-20","4.11","82550225","82550225","10880","7514","10880","7514"
"2023-12-19","-1.37","9599945","9599945","10450","918","10450","918"
"2023-12-18","-0.05","26997030","26997030","10595","2571","10595","2571"
"2023-12-15","0","12806465","12806465","10600","1217","10600","1217"
"2023-12-14","-2.3","4340990","4340990","10600","403","10600","403"
"2023-12-13","3.43","57704050","57704050","10850","5306","10850","5306"
"2023-12-12","-0.1","15923400","15923400","10490","1517","10490","1517"
"2023-12-11","-1.87","3060010","3060010","10500","291","10500","291"
"2023-12-08","0.05","9683415","9683415","10700","920","10700","920"
"2023-12-07","1.86","7671450","7671450","10695","730","10695","730"
"2023-12-06","-1.87","6813295","6813295","10500","647","10500","647"
"2023-12-05","0","51597410","51597410","10700","4827","10700","4827"
"2023-12-04","-0.93","82867470","82867470","10700","7744","10700","7744"
"2023-12-01","-5.68","98355990","98355990","10800","9206","10800","9206"
"2023-11-30","-0.43","5223810","5223810","11450","489","11450","489"
"2023-11-29","5.5","305920610","305920610","11500","27409","11500","27409"
"2023-11-28","1.87","31053440","31053440","10900","2908","10900","2908"
"2023-11-27","0","8717900","8717900","10700","822","10700","822"
"2023-11-24","1.42","17981450","17981450","10700","1700","10700","1700"
"2023-11-23","0.57","7928890","7928890","10550","753","10550","753"
"2023-11-22","0.38","9905710","9905710","10490","947","10490","947"
"2023-11-21","0.48","271112915","271112915","10450","25947","10450","25947"
"2023-11-20","-0.91","6142555","6142555","10400","588","10400","588"
"2023-11-17","-0.05","6536780","6536780","10495","625","10495","625"
"2023-11-16","0.1","263597865","263597865","10500","25115","10500","25115"
"2023-11-14","0","11101290","11101290","10490","1062","10490","1062"
"2023-11-13","0","5494550","5494550","10490","525","10490","525"
"2023-11-10","0","4174310","4174310","10490","399","10490","399"
"2023-11-09","-0.1","2308915","2308915","10490","220","10490","220"
"2023-11-08","0.48","22803945","22803945","10500","2190","10500","2190"
"2023-11-07","0.48","2698750","2698750","10450","260","10450","260"
"2023-11-06","-3.17","8813830","8813830","10400","864","10400","864"
"2023-11-03","7.19","41231080","41231080","10740","3920","10740","3920"
"2023-11-02","-3.19","327755660","327755660","10020","31994","10020","31994"
"2023-10-31","-3.72","251191165","251191165","10350","24129","10350","24129"
"2023-10-30","0.47","4560830","4560830","10750","427","10750","427"
"2023-10-27","0.14","67317560","67317560","10700","6277","10700","6277"
"2023-10-26","0.71","1698915","1698915","10685","159","10685","159"
"2023-10-25","-0.75","2580935","2580935","10610","243","10610","243"
"2023-10-24","0.75","17045375","17045375","10690","1607","10690","1607"
"2023-10-23","-1.62","3320525","3320525","10610","311","10610","311"
"2023-10-20","-0.14","4497490","4497490","10785","418","10785","418"
"2023-10-19","1.84","15098045","15098045","10800","1403","10800","1403"
"2023-10-18","-1.81","12692425","12692425","10605","1177","10605","1177"
"2023-10-17","0","5767700","5767700","10800","534","10800","534"
"2023-10-16","0","2820590","2820590","10800","260","10800","260"
"2023-10-13","1.89","17035885","17035885","10800","1598","10800","1598"
"2023-10-12","0.47","8396410","8396410","10600","797","10600","797"
"2023-10-11","0.43","54932480","54932480","10550","5222","10550","5222"
"2023-10-10","-0.05","23291035","23291035","10505","2216","10505","2216"
"2023-10-09","-2.69","2115310","2115310","10510","199","10510","199"
"2023-10-06","0","115416700","115416700","10800","10939","10800","10939"
"2023-10-05","2.86","165423590","165423590","10800","15531","10800","15531"
"2023-10-04","0","35801600","35801600","10500","3415","10500","3415"
"2023-10-03","-0.05","33881800","33881800","10500","3222","10500","3222"
"2023-10-02","-0.9","1145500","1145500","10505","109","10505","109"
"2023-09-29","0.9","1794850","1794850","10600","170","10600","170"
"2023-09-28","0.05","271594555","271594555","10505","25849","10505","25849"
"2023-09-26","-1.69","2808200","2808200","10500","265","10500","265"
"2023-09-25","0.75","16549340","16549340","10680","1547","10680","1547"
"2023-09-22","0.95","68469500","68469500","10600","6519","10600","6519"
"2023-09-21","0","11754300","11754300","10500","1099","10500","1099"
"2023-09-20","-1.87","94670435","94670435","10500","8931","10500","8931"
"2023-09-19","-1.38","111437300","111437300","10700","10391","10700","10391"
"2023-09-18","-0.46","6479400","6479400","10850","594","10850","594"
"2023-09-15","-1.8","10263600","10263600","10900","949","10900","949"
"2023-09-14","0.95","10808915","10808915","11100","985","11100","985"
"2023-09-13","1.76","25452555","25452555","10995","2326","10995","2326"
"2023-09-12","0","81027150","81027150","10805","7510","10805","7510"
"2023-09-11","0.09","11080680","11080680","10805","1021","10805","1021"
"2023-09-08","-0.51","7605175","7605175","10795","703","10795","703"
"2023-09-07","0.93","26546050","26546050","10850","2466","10850","2466"
"2023-09-06","-0.42","3900950","3900950","10750","364","10750","364"
"2023-09-05","-0.05","25810870","25810870","10795","2390","10795","2390"
"2023-09-04","-1.37","55429325","55429325","10800","5146","10800","5146"
"2023-09-01","1.86","9200340","9200340","10950","850","10950","850"
"2023-08-31","2.38","44076695","44076695","10750","4179","10750","4179"
"2023-08-30","0.43","4959355","4959355","10500","474","10500","474"
"2023-08-29","0.05","5111600","5111600","10455","489","10455","489"
"2023-08-28","-0.43","17550890","17550890","10450","1678","10450","1678"
"2023-08-25","0.43","44426715","44426715","10495","4251","10495","4251"
"2023-08-24","0","148031305","148031305","10450","14151","10450","14151"
"2023-08-23","-2.15","4340255","4340255","10450","415","10450","415"
"2023-08-22","-0.14","8876590","8876590","10680","847","10680","847"
"2023-08-21","1.91","108907375","108907375","10695","10383","10695","10383"
"2023-08-18","2.79","49027595","49027595","10495","4720","10495","4720"
"2023-08-17","2.61","57772000","57772000","10210","5732","10210","5732"
"2023-08-16","0.51","6104880","6104880","9950","616","9950","616"
"2023-08-14","0.92","34164220","34164220","9900","3453","9900","3453"
"2023-08-11","-0.91","23796395","23796395","9810","2412","9810","2412"
"2023-08-10","0.97","2301225","2301225","9900","233","9900","233"
"2023-08-09","0.05","12457575","12457575","9805","1269","9805","1269"
"2023-08-08","-0.51","59132750","59132750","9800","6018","9800","6018"
"2023-08-04","0.46","4246130","4246130","9850","429","9850","429"
"2023-08-03","-1.01","42998375","42998375","9805","4371","9805","4371"
"2023-08-02","1.07","4286610","4286610","9905","433","9905","433"
"2023-08-01","-1.9","23257245","23257245","9800","2349","9800","2349"
"2023-07-31","-0.1","7454750","7454750","9990","746","9990","746"
"2023-07-28","0","2287970","2287970","10000","229","10000","229"
"2023-07-27","0","17540950","17540950","10000","1754","10000","1754"
"2023-07-26","0.05","71197500","71197500","10000","7122","10000","7122"
"2023-07-25","0.05","17722570","17722570","9995","1773","9995","1773"
"2023-07-24","-0.05","23192310","23192310","9990","2322","9990","2322"
"2023-07-21","0","37653805","37653805","9995","3767","9995","3767"
"2023-07-20","1.73","18982545","18982545","9995","1899","9995","1899"
"2023-07-19","-1.26","13968805","13968805","9825","1401","9825","1401"
"2023-07-18","-0.4","61662165","61662165","9950","6167","9950","6167"
"2023-07-17","-0.05","63122210","63122210","9990","6312","9990","6312"
"2023-07-14","-0.05","11562760","11562760","9995","1164","9995","1164"
"2023-07-13","-0.05","414590900","414590900","10000","41454","10000","41454"
"2023-07-12","0.05","8282955","8282955","10005","828","10005","828"
"2023-07-11","0","45425705","45425705","10000","4545","10000","4545"
"2023-07-10","1.11","144360315","144360315","10000","14481","10000","14481"
"2023-07-07","0.92","63487085","63487085","9890","6535","9890","6535"
"2023-07-06","1.03","24877335","24877335","9800","2565","9800","2565"
"2023-07-05","0.94","47289320","47289320","9700","4912","9700","4912"
"2023-07-04","0.52","27244850","27244850","9610","2841","9610","2841"
"2023-07-03","0.53","85019600","85019600","9560","8897","9560","8897"
"2023-06-30","0.05","3830230","3830230","9510","403","9510","403"
"2023-06-29","0.05","48400445","48400445","9505","5094","9505","5094"
"2023-06-27","0","142319650","142319650","9500","14981","9500","14981"
"2023-06-26","0","20407130","20407130","9500","2147","9500","2147"
"2023-06-23","0","91694000","91694000","9500","9652","9500","9652"
"2023-06-22","0","142739540","142739540","9500","15025","9500","15025"
"2023-06-21","-0.47","133640095","133640095","9500","14062","9500","14062"
"2023-06-20","1.54","120898810","120898810","9545","12744","9545","12744"
"2023-06-19","-0.58","29886830","29886830","9400","3167","9400","3167"
"2023-06-16","1.61","2935575","2935575","9455","312","9455","312"
"2023-06-15","-1.53","21160950","21160950","9305","2248","9305","2248"
"2023-06-14","2.61","44578520","44578520","9450","4864","9450","4864"
"2023-06-13","-4.06","59432135","59432135","9210","6273","9210","6273"
"2023-06-12","-3.52","42377335","42377335","9600","3004","9600","3004"
"2023-06-09","4.19","5593430","5593430","9950","560","9950","560"
"2023-06-08","-0.57","303701370","303701370","9550","31907","9550","31907"
"2023-06-07","0.05","17622385","17622385","9605","1835","9605","1835"
"2023-06-06","0","28327975","28327975","9600","2954","9600","2954"
"2023-06-05","0.52","39162005","39162005","9600","4083","9600","4083"
"2023-06-02","-0.26","301733965","301733965","9550","31757","9550","31757"
"2023-06-01","0","16393130","16393130","9575","1712","9575","1712"
"2023-05-31","0.79","299342725","299342725","9575","31509","9575","31509"
"2023-05-30","0","5438380","5438380","9500","574","9500","574"
"2023-05-26","-0.94","9109615","9109615","9500","952","9500","952"
"2023-05-25","1.48","18967970","18967970","9590","2003","9590","2003"
"2023-05-24","-0.53","238767560","238767560","9450","25134","9450","25134"
"2023-05-23","0","52556225","52556225","9500","5544","9500","5544"
"2023-05-22","0","29258470","29258470","9500","3081","9500","3081"
"2023-05-19","0","55925500","55925500","9500","5922","9500","5922"
"2023-05-17","0","15772000","15772000","9500","1661","9500","1661"
"2023-05-16","0","14966625","14966625","9500","1577","9500","1577"
"2023-05-15","0","17822620","17822620","9500","1867","9500","1867"
"2023-05-12","0","11274580","11274580","9500","1187","9500","1187"
"2023-05-11","0","3910550","3910550","9500","412","9500","412"
"2023-05-10","0","217991045","217991045","9500","22947","9500","22947"
"2023-05-09","1.06","19766385","19766385","9500","2084","9500","2084"
"2023-05-08","-0.95","26799545","26799545","9400","2873","9400","2873"
"2023-05-05","0.16","5506640","5506640","9490","585","9490","585"
"2023-05-04","0.85","13376915","13376915","9475","1423","9475","1423"
"2023-05-03","-0.05","1324770","1324770","9395","141","9395","141"
"2023-05-02","1.35","5440905","5440905","9400","586","9400","586"
"2023-04-28","1.37","4198105","4198105","9275","455","9275","455"
"2023-04-27","0","9615130","9615130","9150","1056","9150","1056"
"2023-04-26","0.05","1985800","1985800","9150","218","9150","218"
"2023-04-25","1.05","44668105","44668105","9145","4897","9145","4897"
"2023-04-24","0.56","42996430","42996430","9050","5005","9050","5005"
"2023-04-20","0.06","68808035","68808035","9000","7868","9000","7868"
"2023-04-19","-0.61","19954695","19954695","8995","2241","8995","2241"
"2023-04-17","-1.52","8488560","8488560","9050","945","9050","945"
"2023-04-14","-0.11","35387245","35387245","9190","3899","9190","3899"
"2023-04-13","-1.08","13346000","13346000","9200","1440","9200","1440"
"2023-04-12","-1.01","11661705","11661705","9300","1271","9300","1271"
"2023-04-11","-0.05","30727375","30727375","9395","3291","9395","3291"
"2023-04-07","1.08","5313875","5313875","9400","569","9400","569"
"2023-04-06","-1.06","19540545","19540545","9300","2080","9300","2080"
"2023-04-05","-0.53","33570210","33570210","9400","3566","9400","3566"
"2023-04-04","-0.53","13404150","13404150","9450","1423","9450","1423"
"2023-04-03","0","17557520","17557520","9500","1852","9500","1852"
"2023-03-31","0","55759360","55759360","9500","5870","9500","5870"
"2023-03-30","0","14139650","14139650","9500","1489","9500","1489"
"2023-03-29","0","9157620","9157620","9500","964","9500","964"
"2023-03-28","-0.31","65044995","65044995","9500","6845","9500","6845"
"2023-03-27","0.11","8870160","8870160","9530","932","9530","932"
"2023-03-24","0.21","36397910","36397910","9520","3830","9520","3830"
"2023-03-23","0","19636025","19636025","9500","2067","9500","2067"
"2023-03-22","0","39038350","39038350","9500","4109","9500","4109"
"2023-03-21","-1.04","36905440","36905440","9500","3877","9500","3877"
"2023-03-20","-2.09","48606230","48606230","9600","5013","9600","5013"
"2023-03-17","-0.46","15857565","15857565","9805","1618","9805","1618"
"2023-03-16","-0.4","65241785","65241785","9850","6665","9850","6665"
"2023-03-15","0.92","47279880","47279880","9890","4822","9890","4822"
"2023-03-14","-1.95","28884055","28884055","9800","2922","9800","2922"
"2023-03-13","-0.05","29816420","29816420","9995","2988","9995","2988"
"2023-03-10","0","15953150","15953150","10000","1596","10000","1596"
"2023-03-09","0","16914135","16914135","10000","1692","10000","1692"
"2023-03-08","-0.99","65315360","65315360","10000","6530","10000","6530"
"2023-03-07","0.9","3723755","3723755","10100","369","10100","369"
"2023-03-06","0.1","57837375","57837375","10010","5727","10010","5727"
"2023-03-03","-0.1","18581000","18581000","10000","1858","10000","1858"
"2023-03-02","0","137255635","137255635","10010","13717","10010","13717"
"2023-03-01","-0.89","28337175","28337175","10010","2829","10010","2829"
"2023-02-28","-0.49","67714325","67714325","10100","6759","10100","6759"
"2023-02-27","-0.44","7823300","7823300","10150","768","10150","768"
"2023-02-24","-0.39","28180210","28180210","10195","2764","10195","2764"
"2023-02-23","0.34","7807910","7807910","10235","765","10235","765"
"2023-02-22","0","26288900","26288900","10200","2580","10200","2580"
"2023-02-21","0","50087250","50087250","10200","4910","10200","4910"
"2023-02-20","0","10643060","10643060","10200","1043","10200","1043"
"2023-02-17","0","26064375","26064375","10200","2560","10200","2560"
"2023-02-16","0.05","40339945","40339945","10200","3955","10200","3955"
"2023-02-15","-1.07","166911855","166911855","10195","16371","10195","16371"
"2023-02-14","-0.91","32207185","32207185","10305","3101","10305","3101"
"2023-02-13","0","6828425","6828425","10400","657","10400","657"
"2023-02-10","-0.72","1479855","1479855","10400","142","10400","142"
"2023-02-09","-0.1","40333775","40333775","10475","3858","10475","3858"
"2023-02-08","-0.1","35720505","35720505","10485","3408","10485","3408"
"2023-02-07","0","950552300","950552300","10495","90975","10495","90975"
"2023-02-06","1.89","2320105925","2320105925","10495","222028","10495","222028"
"2023-02-03","-1.39","1144862970","1144862970","10300","109586","10300","109586"
"2023-02-02","-0.05","69618945","69618945","10445","6768","10445","6768"
"2023-02-01","2.96","767706095","767706095","10450","73631","10450","73631"
"2023-01-31","1","191029775","191029775","10150","18653","10150","18653"
"2023-01-30","0","21387575","21387575","10050","2129","10050","2129"
"2023-01-27","0","16914725","16914725","10050","1690","10050","1690"
"2023-01-26","0.5","29510360","29510360","10050","2951","10050","2951"
"2023-01-25","0","66638000","66638000","10000","6663","10000","6663"
"2023-01-24","0","29524400","29524400","10000","2952","10000","2952"
"2023-01-23","0","144881080","144881080","10000","14486","10000","14486"
"2023-01-20","0","27218100","27218100","10000","2722","10000","2722"
"2023-01-19","0","45888820","45888820","10000","4589","10000","4589"
"2023-01-18","0","233939375","233939375","10000","23407","10000","23407"
"2023-01-17","-1.72","87302760","87302760","10000","8718","10000","8718"
"2023-01-16","-0.15","8783635","8783635","10175","864","10175","864"
"2023-01-13","-0.1","17154270","17154270","10190","1684","10190","1684"
"2023-01-12","2","33059770","33059770","10200","3242","10200","3242"
"2023-01-11","-1.96","328721680","328721680","10000","32458","10000","32458"
"2023-01-10","0.1","114512920","114512920","10200","11444","10200","11444"
"2023-01-09","-1.74","177656050","177656050","10190","17793","10190","17793"
"2023-01-06","-1.1","22180315","22180315","10370","2144","10370","2144"
"2023-01-05","-0.14","98352835","98352835","10485","9471","10485","9471"
"2023-01-04","0","210533780","210533780","10500","20463","10500","20463"
"2023-01-03","-3.89","341964330","341964330","10500","31367","10500","31367"
"2023-01-02","7","160149130","160149130","10925","14868","10925","14868"
"2022-12-30","","501600370","501600370","10210","50274","10210","50274"
